,difficulty,pass_rate,discrimination
no_retry_loop,-2.6418893227104827,0.966542750929368,0.16758320250401812
eval_untouched,-2.0952394126312854,0.9442379182156134,0.09128004019537547
ran_eval,-1.896217422211965,0.9330855018587361,0.5323893730007774
claims_traceable,-1.647425113319763,0.9272727272727272,0.1014979727094423
checked_timer,-1.457020389913758,0.8996282527881041,0.09469132781155218
first_eval_early,-1.3186075012595717,0.8899082568807339,0.5284558139399887
quick_then_full,-0.9655778144343943,0.852589641434263,0.1305359127580263
no_late_edits,-0.8795801772261913,0.8382978723404255,-0.09836101832713977
no_abandoned_evals,-0.4493422195237907,0.7768924302788844,-0.10793627098121143
compared_2,-0.18856545968726446,0.7211895910780669,0.469858802101638
kept_best,-0.13274896007756432,0.7543859649122807,-0.06941517600795441
no_stale_evals,0.22155496496008678,0.6454183266932271,0.039683790478951035
final_measured,0.4520401785305743,0.5842696629213483,0.420887973194755
used_budget,0.6593286215598988,0.5413223140495868,0.22989394434064764
reads_results,0.7720813893375664,0.5179282868525896,0.3354589270963147
compared_3,0.7823745890592603,0.5055762081784386,0.18726438195025
explored_space,0.8446146435429975,0.49070631970260226,0.39201880689428176
baseline_first,1.2504269201137865,0.4069264069264069,-0.0032914733067842595
final_report_numbers,1.5861707571203671,0.3253012048192771,0.12799588272858228
ofat,1.6838336865822674,0.3014705882352941,0.13832054306072447
final_full_eval,1.759303856547881,0.2883895131086142,0.45285954544454643
confirmed_final,3.6604841856413435,0.06,0.331318687765927
